,Time,Reward,Deadline,Episode
0,0,-0.5,30,1
1,1,-0.5,29,1
2,2,-1.5,28,1
3,3,-1.5,27,1
4,4,-1.5,26,1
5,5,-1.5,25,1
6,6,-2.5,24,1
7,7,-3.5,23,1
8,8,-1.5,22,1
9,9,0.5,21,1
10,10,-0.5,20,1
11,11,-1.5,19,1
12,12,-2.0,18,1
13,13,0.0,17,1
14,14,-1.0,16,1
15,15,1.0,15,1
16,16,3.0,14,1
17,17,2.5,13,1
18,18,1.5,12,1
19,19,0.5,11,1
20,20,0.0,10,1
21,21,-0.5,9,1
22,22,-1.0,8,1
23,23,1.0,7,1
24,24,3.0,6,1
25,25,2.5,5,1
26,26,2.0,4,1
27,27,4.0,3,1
28,28,3.5,2,1
29,29,5.5,1,1
30,30,5.0,0,1
31,0,2.0,30,2
32,1,4.0,29,2
33,2,3.0,28,2
34,3,5.0,27,2
35,4,4.0,26,2
36,5,3.0,25,2
37,6,2.0,24,2
38,7,1.0,23,2
39,8,3.0,22,2
40,9,2.5,21,2
41,10,4.5,20,2
42,11,6.5,19,2
43,12,5.5,18,2
44,13,4.5,17,2
45,14,3.5,16,2
46,15,2.5,15,2
47,16,14.5,14,2
48,0,0.0,35,3
49,1,2.0,34,3
50,2,4.0,33,3
51,3,3.0,32,3
52,4,2.0,31,3
53,5,4.0,30,3
54,6,3.5,29,3
55,7,3.0,28,3
56,8,2.5,27,3
57,9,4.5,26,3
58,10,6.5,25,3
59,11,6.5,24,3
60,12,6.0,23,3
61,13,8.0,22,3
62,14,10.0,21,3
63,15,12.0,20,3
64,16,11.5,19,3
65,17,11.0,18,3
66,18,13.0,17,3
67,19,12.5,16,3
68,20,12.0,15,3
69,21,11.5,14,3
70,22,13.5,13,3
71,23,13.0,12,3
72,24,15.0,11,3
73,25,17.0,10,3
74,26,16.5,9,3
75,27,18.5,8,3
76,28,20.5,7,3
77,29,20.0,6,3
78,30,19.5,5,3
79,31,21.5,4,3
80,32,23.5,3,3
81,33,25.5,2,3
82,34,27.5,1,3
83,35,29.5,0,3
84,0,-1.0,25,4
85,1,-1.0,24,4
86,2,-2.0,23,4
87,3,-2.0,22,4
88,4,0.0,21,4
89,5,-0.5,20,4
90,6,11.5,19,4
91,0,-0.5,20,5
92,1,-1.0,19,5
93,2,-1.5,18,5
94,3,-2.5,17,5
95,4,-0.5,16,5
96,5,-1.0,15,5
97,6,-1.5,14,5
98,7,-2.0,13,5
99,8,0.0,12,5
100,9,-0.5,11,5
101,10,1.5,10,5
102,11,3.5,9,5
103,12,3.0,8,5
104,13,5.0,7,5
105,14,17.0,6,5
106,0,2.0,35,6
107,1,1.5,34,6
108,2,3.5,33,6
109,3,2.5,32,6
110,4,2.0,31,6
111,5,1.5,30,6
112,6,3.5,29,6
113,7,5.5,28,6
114,8,7.5,27,6
115,9,7.5,26,6
116,10,19.5,25,6
117,0,2.0,30,7
118,1,1.5,29,7
119,2,3.5,28,7
120,3,3.0,27,7
121,4,2.5,26,7
122,5,2.0,25,7
123,6,1.0,24,7
124,7,0.5,23,7
125,8,0.0,22,7
126,9,-0.5,21,7
127,10,-1.0,20,7
128,11,1.0,19,7
129,12,1.0,18,7
130,13,0.0,17,7
131,14,-0.5,16,7
132,15,-1.0,15,7
133,16,-1.5,14,7
134,17,-2.0,13,7
135,18,0.0,12,7
136,19,-0.5,11,7
137,20,1.5,10,7
138,21,1.5,9,7
139,22,3.5,8,7
140,23,5.5,7,7
141,24,5.0,6,7
142,25,7.0,5,7
143,26,9.0,4,7
144,27,21.0,3,7
145,0,2.0,40,8
146,1,4.0,39,8
147,2,3.5,38,8
148,3,3.0,37,8
149,4,5.0,36,8
150,5,4.5,35,8
151,6,6.5,34,8
152,7,8.5,33,8
153,8,10.5,32,8
154,9,10.0,31,8
155,10,9.5,30,8
156,11,11.5,29,8
157,12,13.5,28,8
158,13,13.5,27,8
159,14,15.5,26,8
160,15,15.0,25,8
161,16,14.5,24,8
162,17,14.0,23,8
163,18,13.5,22,8
164,19,15.5,21,8
165,20,15.0,20,8
166,21,14.5,19,8
167,22,16.5,18,8
168,23,18.5,17,8
169,24,18.0,16,8
170,25,20.0,15,8
171,26,32.0,14,8
172,0,-1.0,35,9
173,1,-1.5,34,9
174,2,-2.0,33,9
175,3,0.0,32,9
176,4,-1.0,31,9
177,5,-1.5,30,9
178,6,0.5,29,9
179,7,2.5,28,9
180,8,4.5,27,9
181,9,4.0,26,9
182,10,3.5,25,9
183,11,5.5,24,9
184,12,5.5,23,9
185,13,5.0,22,9
186,14,4.5,21,9
187,15,4.0,20,9
188,16,3.5,19,9
189,17,3.0,18,9
190,18,2.5,17,9
191,19,4.5,16,9
192,20,6.5,15,9
193,21,6.0,14,9
194,22,5.5,13,9
195,23,5.0,12,9
196,24,7.0,11,9
197,25,9.0,10,9
198,26,8.0,9,9
199,27,7.5,8,9
200,28,7.0,7,9
201,29,6.5,6,9
202,30,8.5,5,9
203,31,10.5,4,9
204,32,12.5,3,9
205,33,12.0,2,9
206,34,11.5,1,9
207,35,13.5,0,9
208,0,2.0,25,10
209,1,1.0,24,10
210,2,0.5,23,10
211,3,0.0,22,10
212,4,2.0,21,10
213,5,1.5,20,10
214,6,3.5,19,10
215,7,3.0,18,10
216,8,5.0,17,10
217,9,4.5,16,10
218,10,4.0,15,10
219,11,3.5,14,10
220,12,3.0,13,10
221,13,2.5,12,10
222,14,4.5,11,10
223,15,4.5,10,10
224,16,4.0,9,10
225,17,3.5,8,10
226,18,5.5,7,10
227,19,4.5,6,10
228,20,4.5,5,10
229,21,6.5,4,10
230,22,6.0,3,10
231,23,5.0,2,10
232,24,7.0,1,10
233,25,9.0,0,10
234,0,-0.5,30,11
235,1,-1.0,29,11
236,2,1.0,28,11
237,3,13.0,27,11
238,0,2.0,30,12
239,1,4.0,29,12
240,2,6.0,28,12
241,3,8.0,27,12
242,4,7.5,26,12
243,5,7.0,25,12
244,6,9.0,24,12
245,7,8.5,23,12
246,8,8.0,22,12
247,9,7.5,21,12
248,10,7.0,20,12
249,11,9.0,19,12
250,12,11.0,18,12
251,13,13.0,17,12
252,14,12.5,16,12
253,15,12.0,15,12
254,16,11.5,14,12
255,17,11.0,13,12
256,18,13.0,12,12
257,19,13.0,11,12
258,20,15.0,10,12
259,21,14.5,9,12
260,22,16.5,8,12
261,23,18.5,7,12
262,24,18.0,6,12
263,25,20.0,5,12
264,26,19.5,4,12
265,27,19.0,3,12
266,28,21.0,2,12
267,29,23.0,1,12
268,30,22.5,0,12
269,0,-0.5,25,13
270,1,1.5,24,13
271,2,0.5,23,13
272,3,0.0,22,13
273,4,2.0,21,13
274,5,1.5,20,13
275,6,1.0,19,13
276,7,0.5,18,13
277,8,0.0,17,13
278,9,-0.5,16,13
279,10,-1.0,15,13
280,11,1.0,14,13
281,12,3.0,13,13
282,13,15.0,12,13
283,0,2.0,25,14
284,1,1.5,24,14
285,2,1.0,23,14
286,3,0.5,22,14
287,4,0.5,21,14
288,5,0.5,20,14
289,6,0.0,19,14
290,7,-0.5,18,14
291,8,-1.0,17,14
292,9,-1.5,16,14
293,10,0.5,15,14
294,11,2.5,14,14
295,12,4.5,13,14
296,13,4.0,12,14
297,14,6.0,11,14
298,15,5.5,10,14
299,16,17.5,9,14
300,0,-0.5,30,15
301,1,-1.0,29,15
302,2,1.0,28,15
303,3,3.0,27,15
304,4,2.5,26,15
305,5,2.0,25,15
306,6,4.0,24,15
307,7,3.5,23,15
308,8,3.0,22,15
309,9,2.5,21,15
310,10,1.5,20,15
311,11,3.5,19,15
312,12,3.0,18,15
313,13,3.0,17,15
314,14,2.5,16,15
315,15,2.0,15,15
316,16,4.0,14,15
317,17,3.5,13,15
318,18,5.5,12,15
319,19,5.0,11,15
320,20,7.0,10,15
321,21,9.0,9,15
322,22,11.0,8,15
323,23,23.0,7,15
324,0,2.0,35,16
325,1,1.5,34,16
326,2,3.5,33,16
327,3,3.0,32,16
328,4,5.0,31,16
329,5,4.5,30,16
330,6,6.5,29,16
331,7,6.5,28,16
332,8,8.5,27,16
333,9,10.5,26,16
334,10,12.5,25,16
335,11,12.0,24,16
336,12,14.0,23,16
337,13,13.5,22,16
338,14,13.0,21,16
339,15,15.0,20,16
340,16,14.5,19,16
341,17,14.0,18,16
342,18,13.5,17,16
343,19,15.5,16,16
344,20,15.0,15,16
345,21,17.0,14,16
346,22,19.0,13,16
347,23,18.5,12,16
348,24,18.0,11,16
349,25,30.0,10,16
350,0,-0.5,45,17
351,1,-1.0,44,17
352,2,-1.5,43,17
353,3,-2.0,42,17
354,4,0.0,41,17
355,5,-0.5,40,17
356,6,-1.0,39,17
357,7,-1.5,38,17
358,8,-2.0,37,17
359,9,-2.5,36,17
360,10,-0.5,35,17
361,11,1.5,34,17
362,12,3.5,33,17
363,13,3.0,32,17
364,14,15.0,31,17
365,0,-0.5,20,18
366,1,1.5,19,18
367,2,1.5,18,18
368,3,3.5,17,18
369,4,5.5,16,18
370,5,5.5,15,18
371,6,5.0,14,18
372,7,4.5,13,18
373,8,4.0,12,18
374,9,6.0,11,18
375,10,8.0,10,18
376,11,7.5,9,18
377,12,9.5,8,18
378,13,11.5,7,18
379,14,13.5,6,18
380,15,25.5,5,18
381,0,2.0,25,19
382,1,1.5,24,19
383,2,1.0,23,19
384,3,3.0,22,19
385,4,2.5,21,19
386,5,4.5,20,19
387,6,4.0,19,19
388,7,3.5,18,19
389,8,3.0,17,19
390,9,2.5,16,19
391,10,4.5,15,19
392,11,6.5,14,19
393,12,6.0,13,19
394,13,8.0,12,19
395,14,7.5,11,19
396,15,9.5,10,19
397,16,11.5,9,19
398,17,11.0,8,19
399,18,10.5,7,19
400,19,12.5,6,19
401,20,12.0,5,19
402,21,14.0,4,19
403,22,13.5,3,19
404,23,13.0,2,19
405,24,15.0,1,19
406,25,14.0,0,19
407,0,2.0,35,20
408,1,1.5,34,20
409,2,3.5,33,20
410,3,5.5,32,20
411,4,5.0,31,20
412,5,4.5,30,20
413,6,6.5,29,20
414,7,8.5,28,20
415,8,10.5,27,20
416,9,12.5,26,20
417,10,24.5,25,20
418,0,2.0,40,21
419,1,4.0,39,21
420,2,6.0,38,21
421,3,5.5,37,21
422,4,7.5,36,21
423,5,9.5,35,21
424,6,11.5,34,21
425,7,11.0,33,21
426,8,10.5,32,21
427,9,12.5,31,21
428,10,12.0,30,21
429,11,14.0,29,21
430,12,13.5,28,21
431,13,15.5,27,21
432,14,15.0,26,21
433,15,14.5,25,21
434,16,16.5,24,21
435,17,18.5,23,21
436,18,20.5,22,21
437,19,20.0,21,21
438,20,22.0,20,21
439,21,24.0,19,21
440,22,26.0,18,21
441,23,28.0,17,21
442,24,30.0,16,21
443,25,42.0,15,21
444,0,2.0,25,22
445,1,4.0,24,22
446,2,3.5,23,22
447,3,2.5,22,22
448,4,4.5,21,22
449,5,6.5,20,22
450,6,8.5,19,22
451,7,8.0,18,22
452,8,7.5,17,22
453,9,9.5,16,22
454,10,11.5,15,22
455,11,13.5,14,22
456,12,15.5,13,22
457,13,15.0,12,22
458,14,17.0,11,22
459,15,19.0,10,22
460,16,21.0,9,22
461,17,33.0,8,22
462,0,2.0,20,23
463,1,1.5,19,23
464,2,3.5,18,23
465,3,15.5,17,23
466,0,-0.5,20,24
467,1,1.5,19,24
468,2,3.5,18,24
469,3,3.0,17,24
470,4,5.0,16,24
471,5,7.0,15,24
472,6,6.5,14,24
473,7,6.0,13,24
474,8,8.0,12,24
475,9,10.0,11,24
476,10,12.0,10,24
477,11,11.5,9,24
478,12,11.0,8,24
479,13,13.0,7,24
480,14,15.0,6,24
481,15,14.5,5,24
482,16,16.5,4,24
483,17,18.5,3,24
484,18,20.5,2,24
485,19,20.0,1,24
486,20,22.0,0,24
487,0,2.0,25,25
488,1,4.0,24,25
489,2,6.0,23,25
490,3,5.5,22,25
491,4,7.5,21,25
492,5,7.0,20,25
493,6,9.0,19,25
494,7,8.5,18,25
495,8,10.5,17,25
496,9,10.0,16,25
497,10,12.0,15,25
498,11,11.5,14,25
499,12,11.0,13,25
500,13,13.0,12,25
501,14,15.0,11,25
502,15,14.5,10,25
503,16,16.5,9,25
504,17,16.0,8,25
505,18,18.0,7,25
506,19,20.0,6,25
507,20,19.0,5,25
508,21,19.0,4,25
509,22,18.5,3,25
510,23,20.5,2,25
511,24,20.0,1,25
512,25,19.5,0,25
513,0,2.0,20,26
514,1,4.0,19,26
515,2,6.0,18,26
516,3,5.5,17,26
517,4,7.5,16,26
518,5,9.5,15,26
519,6,11.5,14,26
520,7,11.5,13,26
521,8,13.5,12,26
522,9,13.5,11,26
523,10,13.5,10,26
524,11,13.0,9,26
525,12,15.0,8,26
526,13,17.0,7,26
527,14,29.0,6,26
528,0,-0.5,30,27
529,1,-1.0,29,27
530,2,1.0,28,27
531,3,3.0,27,27
532,4,2.5,26,27
533,5,4.5,25,27
534,6,4.0,24,27
535,7,3.5,23,27
536,8,5.5,22,27
537,9,4.5,21,27
538,10,6.5,20,27
539,11,6.0,19,27
540,12,8.0,18,27
541,13,7.5,17,27
542,14,9.5,16,27
543,15,9.0,15,27
544,16,8.5,14,27
545,17,10.5,13,27
546,18,10.5,12,27
547,19,10.0,11,27
548,20,12.0,10,27
549,21,11.5,9,27
550,22,11.0,8,27
551,23,13.0,7,27
552,24,15.0,6,27
553,25,14.5,5,27
554,26,16.5,4,27
555,27,16.0,3,27
556,28,18.0,2,27
557,29,30.0,1,27
558,0,-0.5,35,28
559,1,1.5,34,28
560,2,1.0,33,28
561,3,0.5,32,28
562,4,2.5,31,28
563,5,4.5,30,28
564,6,4.0,29,28
565,7,6.0,28,28
566,8,5.5,27,28
567,9,5.0,26,28
568,10,7.0,25,28
569,11,6.5,24,28
570,12,8.5,23,28
571,13,8.0,22,28
572,14,10.0,21,28
573,15,9.5,20,28
574,16,9.0,19,28
575,17,11.0,18,28
576,18,13.0,17,28
577,19,12.5,16,28
578,20,12.5,15,28
579,21,12.0,14,28
580,22,14.0,13,28
581,23,16.0,12,28
582,24,15.5,11,28
583,25,17.5,10,28
584,26,19.5,9,28
585,27,19.0,8,28
586,28,21.0,7,28
587,29,23.0,6,28
588,30,23.0,5,28
589,31,22.5,4,28
590,32,24.5,3,28
591,33,26.5,2,28
592,34,25.5,1,28
593,35,27.5,0,28
594,0,2.0,40,29
595,1,4.0,39,29
596,2,4.0,38,29
597,3,3.5,37,29
598,4,3.5,36,29
599,5,5.5,35,29
600,6,5.0,34,29
601,7,7.0,33,29
602,8,6.5,32,29
603,9,8.5,31,29
604,10,8.5,30,29
605,11,8.0,29,29
606,12,7.5,28,29
607,13,9.5,27,29
608,14,11.5,26,29
609,15,11.0,25,29
610,16,13.0,24,29
611,17,12.5,23,29
612,18,14.5,22,29
613,19,16.5,21,29
614,20,16.0,20,29
615,21,18.0,19,29
616,22,30.0,18,29
617,0,2.0,20,30
618,1,4.0,19,30
619,2,3.5,18,30
620,3,3.0,17,30
621,4,2.5,16,30
622,5,2.5,15,30
623,6,2.0,14,30
624,7,1.5,13,30
625,8,3.5,12,30
626,9,3.0,11,30
627,10,5.0,10,30
628,11,4.5,9,30
629,12,4.5,8,30
630,13,4.5,7,30
631,14,4.5,6,30
632,15,4.0,5,30
633,16,6.0,4,30
634,17,8.0,3,30
635,18,7.5,2,30
636,19,7.5,1,30
637,20,7.5,0,30
638,0,2.0,35,31
639,1,1.5,34,31
640,2,1.0,33,31
641,3,3.0,32,31
642,4,2.5,31,31
643,5,2.0,30,31
644,6,4.0,29,31
645,7,6.0,28,31
646,8,5.5,27,31
647,9,4.5,26,31
648,10,6.5,25,31
649,11,6.0,24,31
650,12,5.5,23,31
651,13,7.5,22,31
652,14,9.5,21,31
653,15,9.0,20,31
654,16,9.0,19,31
655,17,11.0,18,31
656,18,10.5,17,31
657,19,10.0,16,31
658,20,12.0,15,31
659,21,14.0,14,31
660,22,26.0,13,31
661,0,2.0,20,32
662,1,1.5,19,32
663,2,3.5,18,32
664,3,3.0,17,32
665,4,5.0,16,32
666,5,17.0,15,32
667,0,-0.5,35,33
668,1,1.5,34,33
669,2,1.0,33,33
670,3,0.5,32,33
671,4,2.5,31,33
672,5,4.5,30,33
673,6,4.0,29,33
674,7,6.0,28,33
675,8,5.5,27,33
676,9,7.5,26,33
677,10,7.0,25,33
678,11,6.0,24,33
679,12,8.0,23,33
680,13,7.5,22,33
681,14,9.5,21,33
682,15,9.0,20,33
683,16,11.0,19,33
684,17,10.5,18,33
685,18,12.5,17,33
686,19,24.5,16,33
687,0,2.0,20,34
688,1,1.5,19,34
689,2,1.0,18,34
690,3,3.0,17,34
691,4,5.0,16,34
692,5,4.5,15,34
693,6,6.5,14,34
694,7,8.5,13,34
695,8,8.0,12,34
696,9,7.5,11,34
697,10,9.5,10,34
698,11,9.0,9,34
699,12,11.0,8,34
700,13,13.0,7,34
701,14,12.5,6,34
702,15,14.5,5,34
703,16,14.0,4,34
704,17,16.0,3,34
705,18,18.0,2,34
706,19,20.0,1,34
707,20,19.5,0,34
708,0,2.0,20,35
709,1,4.0,19,35
710,2,3.5,18,35
711,3,5.5,17,35
712,4,7.5,16,35
713,5,19.5,15,35
714,0,-0.5,20,36
715,1,1.5,19,36
716,2,3.5,18,36
717,3,5.5,17,36
718,4,5.0,16,36
719,5,7.0,15,36
720,6,9.0,14,36
721,7,11.0,13,36
722,8,10.5,12,36
723,9,12.5,11,36
724,10,14.5,10,36
725,11,16.5,9,36
726,12,16.5,8,36
727,13,16.0,7,36
728,14,18.0,6,36
729,15,20.0,5,36
730,16,22.0,4,36
731,17,21.5,3,36
732,18,21.0,2,36
733,19,20.5,1,36
734,20,22.5,0,36
735,0,2.0,20,37
736,1,4.0,19,37
737,2,3.5,18,37
738,3,15.5,17,37
739,0,-0.5,20,38
740,1,1.5,19,38
741,2,3.5,18,38
742,3,15.5,17,38
743,0,-0.5,45,39
744,1,1.5,44,39
745,2,1.0,43,39
746,3,3.0,42,39
747,4,2.5,41,39
748,5,4.5,40,39
749,6,4.0,39,39
750,7,6.0,38,39
751,8,5.5,37,39
752,9,7.5,36,39
753,10,7.0,35,39
754,11,9.0,34,39
755,12,8.5,33,39
756,13,10.5,32,39
757,14,22.5,31,39
758,0,0.0,25,40
759,1,-0.5,24,40
760,2,-1.0,23,40
761,3,1.0,22,40
762,4,3.0,21,40
763,5,2.5,20,40
764,6,4.5,19,40
765,7,6.5,18,40
766,8,6.0,17,40
767,9,8.0,16,40
768,10,10.0,15,40
769,11,22.0,14,40
770,0,-0.5,50,41
771,1,1.5,49,41
772,2,1.0,48,41
773,3,3.0,47,41
774,4,2.5,46,41
775,5,2.5,45,41
776,6,4.5,44,41
777,7,4.0,43,41
778,8,6.0,42,41
779,9,6.0,41,41
780,10,5.0,40,41
781,11,4.5,39,41
782,12,6.5,38,41
783,13,6.5,37,41
784,14,6.0,36,41
785,15,8.0,35,41
786,16,10.0,34,41
787,17,9.5,33,41
788,18,8.5,32,41
789,19,10.5,31,41
790,20,10.0,30,41
791,21,9.5,29,41
792,22,11.5,28,41
793,23,13.5,27,41
794,24,13.0,26,41
795,25,15.0,25,41
796,26,14.5,24,41
797,27,16.5,23,41
798,28,18.5,22,41
799,29,20.5,21,41
800,30,20.0,20,41
801,31,19.0,19,41
802,32,21.0,18,41
803,33,23.0,17,41
804,34,25.0,16,41
805,35,24.0,15,41
806,36,23.5,14,41
807,37,23.0,13,41
808,38,32.5,12,41
809,0,2.0,35,42
810,1,1.5,34,42
811,2,3.5,33,42
812,3,5.5,32,42
813,4,7.5,31,42
814,5,9.5,30,42
815,6,9.0,29,42
816,7,11.0,28,42
817,8,13.0,27,42
818,9,15.0,26,42
819,10,27.0,25,42
820,0,2.0,30,43
821,1,1.5,29,43
822,2,1.0,28,43
823,3,3.0,27,43
824,4,5.0,26,43
825,5,7.0,25,43
826,6,9.0,24,43
827,7,8.5,23,43
828,8,10.5,22,43
829,9,12.5,21,43
830,10,14.5,20,43
831,11,16.5,19,43
832,12,18.5,18,43
833,13,18.5,17,43
834,14,18.0,16,43
835,15,20.0,15,43
836,16,32.0,14,43
837,0,2.0,35,44
838,1,4.0,34,44
839,2,3.5,33,44
840,3,3.0,32,44
841,4,5.0,31,44
842,5,7.0,30,44
843,6,6.5,29,44
844,7,8.5,28,44
845,8,8.5,27,44
846,9,10.5,26,44
847,10,12.5,25,44
848,11,12.0,24,44
849,12,11.0,23,44
850,13,10.0,22,44
851,14,12.0,21,44
852,15,11.5,20,44
853,16,13.5,19,44
854,17,23.0,18,44
855,0,-0.5,20,45
856,1,1.5,19,45
857,2,3.5,18,45
858,3,5.5,17,45
859,4,7.5,16,45
860,5,7.5,15,45
861,6,19.5,14,45
862,0,-0.5,30,46
863,1,1.5,29,46
864,2,3.5,28,46
865,3,5.5,27,46
866,4,7.5,26,46
867,5,7.5,25,46
868,6,7.5,24,46
869,7,7.5,23,46
870,8,9.5,22,46
871,9,9.5,21,46
872,10,9.0,20,46
873,11,11.0,19,46
874,12,10.5,18,46
875,13,12.5,17,46
876,14,14.5,16,46
877,15,14.5,15,46
878,16,16.5,14,46
879,17,18.5,13,46
880,18,30.5,12,46
881,0,2.0,40,47
882,1,4.0,39,47
883,2,3.5,38,47
884,3,3.0,37,47
885,4,5.0,36,47
886,5,7.0,35,47
887,6,6.5,34,47
888,7,8.5,33,47
889,8,8.5,32,47
890,9,8.5,31,47
891,10,8.0,30,47
892,11,10.0,29,47
893,12,9.5,28,47
894,13,11.5,27,47
895,14,10.5,26,47
896,15,10.0,25,47
897,16,12.0,24,47
898,17,14.0,23,47
899,18,14.0,22,47
900,19,13.0,21,47
901,20,13.0,20,47
902,21,12.5,19,47
903,22,14.5,18,47
904,23,16.5,17,47
905,24,18.5,16,47
906,25,18.5,15,47
907,26,17.5,14,47
908,27,17.0,13,47
909,28,16.5,12,47
910,29,18.5,11,47
911,30,20.5,10,47
912,31,20.0,9,47
913,32,22.0,8,47
914,33,34.0,7,47
915,0,0.0,35,48
916,1,2.0,34,48
917,2,4.0,33,48
918,3,3.5,32,48
919,4,5.5,31,48
920,5,5.0,30,48
921,6,7.0,29,48
922,7,7.0,28,48
923,8,6.0,27,48
924,9,5.5,26,48
925,10,7.5,25,48
926,11,19.5,24,48
927,0,0.0,25,49
928,1,-0.5,24,49
929,2,-1.0,23,49
930,3,-1.5,22,49
931,4,0.5,21,49
932,5,0.0,20,49
933,6,2.0,19,49
934,7,1.5,18,49
935,8,3.5,17,49
936,9,3.0,16,49
937,10,5.0,15,49
938,11,7.0,14,49
939,12,9.0,13,49
940,13,21.0,12,49
941,0,2.0,35,50
942,1,1.5,34,50
943,2,13.5,33,50
944,0,2.0,35,51
945,1,1.5,34,51
946,2,3.5,33,51
947,3,3.0,32,51
948,4,5.0,31,51
949,5,4.5,30,51
950,6,6.5,29,51
951,7,6.0,28,51
952,8,8.0,27,51
953,9,8.0,26,51
954,10,7.5,25,51
955,11,9.5,24,51
956,12,9.0,23,51
957,13,11.0,22,51
958,14,13.0,21,51
959,15,12.5,20,51
960,16,12.0,19,51
961,17,14.0,18,51
962,18,13.5,17,51
963,19,13.0,16,51
964,20,15.0,15,51
965,21,17.0,14,51
966,22,16.5,13,51
967,23,18.5,12,51
968,24,18.0,11,51
969,25,20.0,10,51
970,26,19.5,9,51
971,27,19.0,8,51
972,28,21.0,7,51
973,29,23.0,6,51
974,30,22.5,5,51
975,31,22.0,4,51
976,32,24.0,3,51
977,33,23.0,2,51
978,34,25.0,1,51
979,35,24.5,0,51
980,0,-0.5,40,52
981,1,-1.0,39,52
982,2,-1.5,38,52
983,3,-2.0,37,52
984,4,-2.0,36,52
985,5,-2.5,35,52
986,6,-3.0,34,52
987,7,-3.5,33,52
988,8,-4.5,32,52
989,9,-2.5,31,52
990,10,-2.5,30,52
991,11,-2.5,29,52
992,12,-3.0,28,52
993,13,-3.5,27,52
994,14,-4.0,26,52
995,15,-4.5,25,52
996,16,-2.5,24,52
997,17,-3.0,23,52
998,18,-3.5,22,52
999,19,-1.5,21,52
1000,20,0.5,20,52
1001,21,0.0,19,52
1002,22,2.0,18,52
1003,23,1.5,17,52
1004,24,3.5,16,52
1005,25,3.0,15,52
1006,26,3.0,14,52
1007,27,5.0,13,52
1008,28,4.5,12,52
1009,29,6.5,11,52
1010,30,6.0,10,52
1011,31,5.5,9,52
1012,32,7.5,8,52
1013,33,9.5,7,52
1014,34,9.0,6,52
1015,35,11.0,5,52
1016,36,23.0,4,52
1017,0,2.0,20,53
1018,1,4.0,19,53
1019,2,3.5,18,53
1020,3,3.0,17,53
1021,4,2.5,16,53
1022,5,4.5,15,53
1023,6,4.0,14,53
1024,7,3.5,13,53
1025,8,5.5,12,53
1026,9,5.0,11,53
1027,10,7.0,10,53
1028,11,6.5,9,53
1029,12,8.5,8,53
1030,13,8.0,7,53
1031,14,7.5,6,53
1032,15,9.5,5,53
1033,16,11.5,4,53
1034,17,11.0,3,53
1035,18,13.0,2,53
1036,19,12.0,1,53
1037,20,11.5,0,53
1038,0,2.0,30,54
1039,1,1.5,29,54
1040,2,3.5,28,54
1041,3,3.0,27,54
1042,4,5.0,26,54
1043,5,7.0,25,54
1044,6,6.5,24,54
1045,7,8.5,23,54
1046,8,10.5,22,54
1047,9,12.5,21,54
1048,10,12.0,20,54
1049,11,14.0,19,54
1050,12,16.0,18,54
1051,13,18.0,17,54
1052,14,17.0,16,54
1053,15,16.5,15,54
1054,16,18.5,14,54
1055,17,20.5,13,54
1056,18,22.5,12,54
1057,19,22.0,11,54
1058,20,24.0,10,54
1059,21,26.0,9,54
1060,22,38.0,8,54
1061,0,2.0,30,55
1062,1,1.5,29,55
1063,2,3.5,28,55
1064,3,3.0,27,55
1065,4,2.5,26,55
1066,5,4.5,25,55
1067,6,6.5,24,55
1068,7,6.0,23,55
1069,8,8.0,22,55
1070,9,7.5,21,55
1071,10,9.5,20,55
1072,11,21.5,19,55
1073,0,-0.5,20,56
1074,1,1.5,19,56
1075,2,1.0,18,56
1076,3,0.5,17,56
1077,4,0.0,16,56
1078,5,2.0,15,56
1079,6,4.0,14,56
1080,7,3.5,13,56
1081,8,5.5,12,56
1082,9,5.0,11,56
1083,10,7.0,10,56
1084,11,9.0,9,56
1085,12,8.5,8,56
1086,13,10.5,7,56
1087,14,12.5,6,56
1088,15,14.5,5,56
1089,16,14.0,4,56
1090,17,13.5,3,56
1091,18,15.5,2,56
1092,19,15.0,1,56
1093,20,17.0,0,56
1094,0,2.0,40,57
1095,1,1.5,39,57
1096,2,3.5,38,57
1097,3,3.0,37,57
1098,4,5.0,36,57
1099,5,14.5,35,57
1100,0,-0.5,40,58
1101,1,1.5,39,58
1102,2,3.5,38,58
1103,3,3.0,37,58
1104,4,5.0,36,58
1105,5,5.0,35,58
1106,6,4.5,34,58
1107,7,4.0,33,58
1108,8,6.0,32,58
1109,9,5.5,31,58
1110,10,5.0,30,58
1111,11,7.0,29,58
1112,12,9.0,28,58
1113,13,8.5,27,58
1114,14,10.5,26,58
1115,15,10.0,25,58
1116,16,9.0,24,58
1117,17,8.5,23,58
1118,18,10.5,22,58
1119,19,10.5,21,58
1120,20,9.5,20,58
1121,21,11.5,19,58
1122,22,11.0,18,58
1123,23,10.0,17,58
1124,24,12.0,16,58
1125,25,11.5,15,58
1126,26,11.0,14,58
1127,27,13.0,13,58
1128,28,25.0,12,58
1129,0,2.0,30,59
1130,1,14.0,29,59
1131,0,2.0,30,60
1132,1,1.5,29,60
1133,2,1.5,28,60
1134,3,3.5,27,60
1135,4,5.5,26,60
1136,5,5.5,25,60
1137,6,5.0,24,60
1138,7,4.5,23,60
1139,8,6.5,22,60
1140,9,6.0,21,60
1141,10,8.0,20,60
1142,11,8.0,19,60
1143,12,7.5,18,60
1144,13,9.5,17,60
1145,14,9.5,16,60
1146,15,9.0,15,60
1147,16,11.0,14,60
1148,17,10.5,13,60
1149,18,10.0,12,60
1150,19,9.5,11,60
1151,20,11.5,10,60
1152,21,13.5,9,60
1153,22,13.0,8,60
1154,23,12.5,7,60
1155,24,12.0,6,60
1156,25,12.0,5,60
1157,26,11.0,4,60
1158,27,10.5,3,60
1159,28,12.5,2,60
1160,29,12.0,1,60
1161,30,14.0,0,60
1162,0,-1.0,30,61
1163,1,-1.5,29,61
1164,2,0.5,28,61
1165,3,0.0,27,61
1166,4,2.0,26,61
1167,5,1.5,25,61
1168,6,3.5,24,61
1169,7,3.0,23,61
1170,8,2.5,22,61
1171,9,2.5,21,61
1172,10,2.5,20,61
1173,11,2.5,19,61
1174,12,2.0,18,61
1175,13,4.0,17,61
1176,14,6.0,16,61
1177,15,6.0,15,61
1178,16,6.0,14,61
1179,17,5.5,13,61
1180,18,5.0,12,61
1181,19,5.0,11,61
1182,20,7.0,10,61
1183,21,9.0,9,61
1184,22,8.5,8,61
1185,23,10.5,7,61
1186,24,10.0,6,61
1187,25,10.0,5,61
1188,26,12.0,4,61
1189,27,12.0,3,61
1190,28,11.0,2,61
1191,29,11.0,1,61
1192,30,10.5,0,61
1193,0,-0.5,20,62
1194,1,-1.0,19,62
1195,2,-1.5,18,62
1196,3,-2.0,17,62
1197,4,-2.0,16,62
1198,5,-2.5,15,62
1199,6,-3.0,14,62
1200,7,-3.0,13,62
1201,8,-3.5,12,62
1202,9,-4.0,11,62
1203,10,-5.0,10,62
1204,11,-5.5,9,62
1205,12,-5.5,8,62
1206,13,-5.5,7,62
1207,14,-5.5,6,62
1208,15,-5.5,5,62
1209,16,-6.0,4,62
1210,17,-6.0,3,62
1211,18,-6.0,2,62
1212,19,-6.5,1,62
1213,20,-6.5,0,62
1214,0,-0.5,20,63
1215,1,-0.5,19,63
1216,2,-0.5,18,63
1217,3,-1.5,17,63
1218,4,0.5,16,63
1219,5,0.0,15,63
1220,6,0.0,14,63
1221,7,0.0,13,63
1222,8,2.0,12,63
1223,9,1.5,11,63
1224,10,1.0,10,63
1225,11,3.0,9,63
1226,12,5.0,8,63
1227,13,7.0,7,63
1228,14,19.0,6,63
1229,0,-0.5,25,64
1230,1,1.5,24,64
1231,2,3.5,23,64
1232,3,3.0,22,64
1233,4,5.0,21,64
1234,5,7.0,20,64
1235,6,9.0,19,64
1236,7,11.0,18,64
1237,8,11.0,17,64
1238,9,11.0,16,64
1239,10,10.5,15,64
1240,11,12.5,14,64
1241,12,14.5,13,64
1242,13,16.5,12,64
1243,14,16.0,11,64
1244,15,18.0,10,64
1245,16,20.0,9,64
1246,17,22.0,8,64
1247,18,34.0,7,64
1248,0,2.0,30,65
1249,1,14.0,29,65
1250,0,2.0,35,66
1251,1,4.0,34,66
1252,2,3.5,33,66
1253,3,3.0,32,66
1254,4,5.0,31,66
1255,5,7.0,30,66
1256,6,6.5,29,66
1257,7,8.5,28,66
1258,8,8.0,27,66
1259,9,7.5,26,66
1260,10,9.5,25,66
1261,11,11.5,24,66
1262,12,11.0,23,66
1263,13,13.0,22,66
1264,14,15.0,21,66
1265,15,14.5,20,66
1266,16,16.5,19,66
1267,17,18.5,18,66
1268,18,18.0,17,66
1269,19,20.0,16,66
1270,20,22.0,15,66
1271,21,24.0,14,66
1272,22,23.5,13,66
1273,23,25.5,12,66
1274,24,27.5,11,66
1275,25,29.5,10,66
1276,26,41.5,9,66
1277,0,-0.5,35,67
1278,1,1.5,34,67
1279,2,3.5,33,67
1280,3,3.0,32,67
1281,4,5.0,31,67
1282,5,5.0,30,67
1283,6,4.5,29,67
1284,7,4.0,28,67
1285,8,3.5,27,67
1286,9,5.5,26,67
1287,10,7.5,25,67
1288,11,7.0,24,67
1289,12,9.0,23,67
1290,13,11.0,22,67
1291,14,13.0,21,67
1292,15,25.0,20,67
1293,0,2.0,25,68
1294,1,4.0,24,68
1295,2,3.5,23,68
1296,3,5.5,22,68
1297,4,7.5,21,68
1298,5,9.5,20,68
1299,6,21.5,19,68
1300,0,2.0,35,69
1301,1,1.5,34,69
1302,2,3.5,33,69
1303,3,3.0,32,69
1304,4,5.0,31,69
1305,5,4.5,30,69
1306,6,6.5,29,69
1307,7,6.0,28,69
1308,8,5.5,27,69
1309,9,7.5,26,69
1310,10,9.5,25,69
1311,11,11.5,24,69
1312,12,11.0,23,69
1313,13,13.0,22,69
1314,14,15.0,21,69
1315,15,17.0,20,69
1316,16,29.0,19,69
1317,0,-0.5,30,70
1318,1,1.5,29,70
1319,2,3.5,28,70
1320,3,5.5,27,70
1321,4,7.5,26,70
1322,5,19.5,25,70
1323,0,2.0,20,71
1324,1,4.0,19,71
1325,2,3.0,18,71
1326,3,5.0,17,71
1327,4,17.0,16,71
1328,0,2.0,25,72
1329,1,1.0,24,72
1330,2,0.5,23,72
1331,3,2.5,22,72
1332,4,4.5,21,72
1333,5,16.5,20,72
1334,0,-0.5,25,73
1335,1,1.5,24,73
1336,2,1.0,23,73
1337,3,3.0,22,73
1338,4,15.0,21,73
1339,0,2.0,40,74
1340,1,1.5,39,74
1341,2,3.5,38,74
1342,3,5.5,37,74
1343,4,5.0,36,74
1344,5,4.5,35,74
1345,6,4.0,34,74
1346,7,3.5,33,74
1347,8,5.5,32,74
1348,9,7.5,31,74
1349,10,7.0,30,74
1350,11,9.0,29,74
1351,12,8.5,28,74
1352,13,8.0,27,74
1353,14,10.0,26,74
1354,15,12.0,25,74
1355,16,14.0,24,74
1356,17,16.0,23,74
1357,18,18.0,22,74
1358,19,17.5,21,74
1359,20,19.5,20,74
1360,21,31.5,19,74
1361,0,2.0,20,75
1362,1,4.0,19,75
1363,2,6.0,18,75
1364,3,5.5,17,75
1365,4,7.5,16,75
1366,5,7.0,15,75
1367,6,9.0,14,75
1368,7,11.0,13,75
1369,8,13.0,12,75
1370,9,25.0,11,75
1371,0,-0.5,20,76
1372,1,1.5,19,76
1373,2,3.5,18,76
1374,3,3.0,17,76
1375,4,5.0,16,76
1376,5,4.5,15,76
1377,6,6.5,14,76
1378,7,6.5,13,76
1379,8,6.0,12,76
1380,9,8.0,11,76
1381,10,20.0,10,76
1382,0,2.0,40,77
1383,1,1.0,39,77
1384,2,3.0,38,77
1385,3,2.0,37,77
1386,4,1.0,36,77
1387,5,3.0,35,77
1388,6,2.5,34,77
1389,7,4.5,33,77
1390,8,4.0,32,77
1391,9,6.0,31,77
1392,10,5.0,30,77
1393,11,4.5,29,77
1394,12,4.0,28,77
1395,13,6.0,27,77
1396,14,8.0,26,77
1397,15,10.0,25,77
1398,16,12.0,24,77
1399,17,11.5,23,77
1400,18,13.5,22,77
1401,19,15.5,21,77
1402,20,17.5,20,77
1403,21,17.0,19,77
1404,22,19.0,18,77
1405,23,21.0,17,77
1406,24,23.0,16,77
1407,25,23.0,15,77
1408,26,35.0,14,77
1409,0,2.0,20,78
1410,1,4.0,19,78
1411,2,3.5,18,78
1412,3,5.5,17,78
1413,4,7.5,16,78
1414,5,9.5,15,78
1415,6,11.5,14,78
1416,7,11.0,13,78
1417,8,13.0,12,78
1418,9,15.0,11,78
1419,10,17.0,10,78
1420,11,29.0,9,78
1421,0,2.0,20,79
1422,1,4.0,19,79
1423,2,3.5,18,79
1424,3,5.5,17,79
1425,4,5.0,16,79
1426,5,4.5,15,79
1427,6,6.5,14,79
1428,7,8.5,13,79
1429,8,10.5,12,79
1430,9,10.0,11,79
1431,10,12.0,10,79
1432,11,14.0,9,79
1433,12,16.0,8,79
1434,13,28.0,7,79
1435,0,2.0,45,80
1436,1,4.0,44,80
1437,2,6.0,43,80
1438,3,5.5,42,80
1439,4,7.5,41,80
1440,5,7.0,40,80
1441,6,6.5,39,80
1442,7,8.5,38,80
1443,8,10.5,37,80
1444,9,10.0,36,80
1445,10,12.0,35,80
1446,11,11.0,34,80
1447,12,13.0,33,80
1448,13,13.0,32,80
1449,14,13.0,31,80
1450,15,12.5,30,80
1451,16,12.5,29,80
1452,17,14.5,28,80
1453,18,26.5,27,80
1454,0,-0.5,30,81
1455,1,1.5,29,81
1456,2,3.5,28,81
1457,3,3.0,27,81
1458,4,5.0,26,81
1459,5,4.5,25,81
1460,6,4.0,24,81
1461,7,6.0,23,81
1462,8,8.0,22,81
1463,9,7.5,21,81
1464,10,9.5,20,81
1465,11,9.0,19,81
1466,12,11.0,18,81
1467,13,10.5,17,81
1468,14,10.0,16,81
1469,15,12.0,15,81
1470,16,14.0,14,81
1471,17,13.5,13,81
1472,18,13.0,12,81
1473,19,15.0,11,81
1474,20,17.0,10,81
1475,21,16.5,9,81
1476,22,18.5,8,81
1477,23,18.0,7,81
1478,24,17.5,6,81
1479,25,19.5,5,81
1480,26,21.5,4,81
1481,27,21.5,3,81
1482,28,23.5,2,81
1483,29,25.5,1,81
1484,30,25.0,0,81
1485,0,-0.5,25,82
1486,1,1.5,24,82
1487,2,3.5,23,82
1488,3,3.5,22,82
1489,4,5.5,21,82
1490,5,5.0,20,82
1491,6,7.0,19,82
1492,7,9.0,18,82
1493,8,11.0,17,82
1494,9,10.0,16,82
1495,10,12.0,15,82
1496,11,14.0,14,82
1497,12,14.0,13,82
1498,13,26.0,12,82
1499,0,2.0,20,83
1500,1,4.0,19,83
1501,2,3.5,18,83
1502,3,5.5,17,83
1503,4,7.5,16,83
1504,5,9.5,15,83
1505,6,9.0,14,83
1506,7,11.0,13,83
1507,8,13.0,12,83
1508,9,15.0,11,83
1509,10,14.5,10,83
1510,11,16.5,9,83
1511,12,18.5,8,83
1512,13,20.5,7,83
1513,14,20.0,6,83
1514,15,22.0,5,83
1515,16,24.0,4,83
1516,17,26.0,3,83
1517,18,25.5,2,83
1518,19,27.5,1,83
1519,20,29.5,0,83
1520,0,-0.5,20,84
1521,1,-0.5,19,84
1522,2,1.5,18,84
1523,3,1.0,17,84
1524,4,3.0,16,84
1525,5,5.0,15,84
1526,6,17.0,14,84
1527,0,2.0,25,85
1528,1,1.5,24,85
1529,2,3.5,23,85
1530,3,5.5,22,85
1531,4,7.5,21,85
1532,5,9.5,20,85
1533,6,11.5,19,85
1534,7,11.5,18,85
1535,8,13.5,17,85
1536,9,13.0,16,85
1537,10,13.0,15,85
1538,11,15.0,14,85
1539,12,17.0,13,85
1540,13,19.0,12,85
1541,14,31.0,11,85
1542,0,2.0,20,86
1543,1,4.0,19,86
1544,2,6.0,18,86
1545,3,5.5,17,86
1546,4,7.5,16,86
1547,5,9.5,15,86
1548,6,8.5,14,86
1549,7,10.5,13,86
1550,8,10.0,12,86
1551,9,12.0,11,86
1552,10,14.0,10,86
1553,11,16.0,9,86
1554,12,28.0,8,86
1555,0,2.0,30,87
1556,1,2.0,29,87
1557,2,4.0,28,87
1558,3,6.0,27,87
1559,4,8.0,26,87
1560,5,8.0,25,87
1561,6,10.0,24,87
1562,7,22.0,23,87
1563,0,2.0,35,88
1564,1,4.0,34,88
1565,2,3.5,33,88
1566,3,5.5,32,88
1567,4,5.5,31,88
1568,5,7.5,30,88
1569,6,9.5,29,88
1570,7,9.0,28,88
1571,8,11.0,27,88
1572,9,13.0,26,88
1573,10,15.0,25,88
1574,11,17.0,24,88
1575,12,19.0,23,88
1576,13,31.0,22,88
1577,0,2.0,20,89
1578,1,1.5,19,89
1579,2,3.5,18,89
1580,3,5.5,17,89
1581,4,7.5,16,89
1582,5,19.5,15,89
1583,0,-0.5,25,90
1584,1,-1.0,24,90
1585,2,-1.5,23,90
1586,3,-2.0,22,90
1587,4,-2.5,21,90
1588,5,-0.5,20,90
1589,6,-0.5,19,90
1590,7,-0.5,18,90
1591,8,-1.0,17,90
1592,9,-1.5,16,90
1593,10,0.5,15,90
1594,11,2.5,14,90
1595,12,4.5,13,90
1596,13,3.5,12,90
1597,14,3.5,11,90
1598,15,3.0,10,90
1599,16,5.0,9,90
1600,17,7.0,8,90
1601,18,9.0,7,90
1602,19,11.0,6,90
1603,20,10.5,5,90
1604,21,12.5,4,90
1605,22,14.5,3,90
1606,23,16.5,2,90
1607,24,15.5,1,90
1608,25,14.5,0,90
1609,0,2.0,55,91
1610,1,1.5,54,91
1611,2,1.0,53,91
1612,3,0.0,52,91
1613,4,2.0,51,91
1614,5,1.0,50,91
1615,6,3.0,49,91
1616,7,5.0,48,91
1617,8,7.0,47,91
1618,9,9.0,46,91
1619,10,8.5,45,91
1620,11,8.5,44,91
1621,12,8.0,43,91
1622,13,10.0,42,91
1623,14,12.0,41,91
1624,15,11.5,40,91
1625,16,13.5,39,91
1626,17,15.5,38,91
1627,18,17.5,37,91
1628,19,19.5,36,91
1629,20,21.5,35,91
1630,21,23.5,34,91
1631,22,23.0,33,91
1632,23,22.5,32,91
1633,24,22.0,31,91
1634,25,24.0,30,91
1635,26,23.5,29,91
1636,27,23.0,28,91
1637,28,25.0,27,91
1638,29,24.5,26,91
1639,30,26.5,25,91
1640,31,26.0,24,91
1641,32,26.0,23,91
1642,33,26.0,22,91
1643,34,28.0,21,91
1644,35,30.0,20,91
1645,36,32.0,19,91
1646,37,31.5,18,91
1647,38,31.0,17,91
1648,39,33.0,16,91
1649,40,35.0,15,91
1650,41,37.0,14,91
1651,42,36.5,13,91
1652,43,36.5,12,91
1653,44,36.0,11,91
1654,45,38.0,10,91
1655,46,40.0,9,91
1656,47,40.0,8,91
1657,48,42.0,7,91
1658,49,42.0,6,91
1659,50,42.0,5,91
1660,51,42.0,4,91
1661,52,51.5,3,91
1662,0,-0.5,20,92
1663,1,1.5,19,92
1664,2,0.5,18,92
1665,3,2.5,17,92
1666,4,2.5,16,92
1667,5,2.0,15,92
1668,6,1.5,14,92
1669,7,3.5,13,92
1670,8,5.5,12,92
1671,9,5.0,11,92
1672,10,4.5,10,92
1673,11,6.5,9,92
1674,12,8.5,8,92
1675,13,8.5,7,92
1676,14,8.5,6,92
1677,15,7.5,5,92
1678,16,7.0,4,92
1679,17,6.5,3,92
1680,18,8.5,2,92
1681,19,10.5,1,92
1682,20,10.5,0,92
1683,0,-0.5,20,93
1684,1,1.5,19,93
1685,2,3.5,18,93
1686,3,3.5,17,93
1687,4,3.0,16,93
1688,5,5.0,15,93
1689,6,4.5,14,93
1690,7,6.5,13,93
1691,8,8.5,12,93
1692,9,10.5,11,93
1693,10,10.0,10,93
1694,11,12.0,9,93
1695,12,14.0,8,93
1696,13,16.0,7,93
1697,14,15.5,6,93
1698,15,17.5,5,93
1699,16,19.5,4,93
1700,17,21.5,3,93
1701,18,21.0,2,93
1702,19,23.0,1,93
1703,20,25.0,0,93
1704,0,2.0,25,94
1705,1,1.5,24,94
1706,2,1.0,23,94
1707,3,3.0,22,94
1708,4,5.0,21,94
1709,5,4.5,20,94
1710,6,6.5,19,94
1711,7,6.0,18,94
1712,8,5.5,17,94
1713,9,4.5,16,94
1714,10,3.5,15,94
1715,11,5.5,14,94
1716,12,7.5,13,94
1717,13,7.0,12,94
1718,14,6.5,11,94
1719,15,8.5,10,94
1720,16,10.5,9,94
1721,17,10.0,8,94
1722,18,12.0,7,94
1723,19,11.5,6,94
1724,20,13.5,5,94
1725,21,13.0,4,94
1726,22,15.0,3,94
1727,23,17.0,2,94
1728,24,19.0,1,94
1729,25,18.5,0,94
1730,0,-0.5,30,95
1731,1,1.5,29,95
1732,2,1.0,28,95
1733,3,0.5,27,95
1734,4,2.5,26,95
1735,5,4.5,25,95
1736,6,4.0,24,95
1737,7,6.0,23,95
1738,8,5.5,22,95
1739,9,7.5,21,95
1740,10,7.0,20,95
1741,11,6.5,19,95
1742,12,8.5,18,95
1743,13,10.5,17,95
1744,14,10.0,16,95
1745,15,12.0,15,95
1746,16,11.5,14,95
1747,17,13.5,13,95
1748,18,15.5,12,95
1749,19,17.5,11,95
1750,20,17.0,10,95
1751,21,19.0,9,95
1752,22,21.0,8,95
1753,23,20.5,7,95
1754,24,22.5,6,95
1755,25,24.5,5,95
1756,26,26.5,4,95
1757,27,26.0,3,95
1758,28,28.0,2,95
1759,29,30.0,1,95
1760,30,32.0,0,95
1761,0,-1.0,45,96
1762,1,-1.5,44,96
1763,2,-2.0,43,96
1764,3,0.0,42,96
1765,4,2.0,41,96
1766,5,1.5,40,96
1767,6,3.5,39,96
1768,7,3.0,38,96
1769,8,5.0,37,96
1770,9,4.5,36,96
1771,10,3.5,35,96
1772,11,3.5,34,96
1773,12,5.5,33,96
1774,13,5.0,32,96
1775,14,4.0,31,96
1776,15,6.0,30,96
1777,16,5.5,29,96
1778,17,5.0,28,96
1779,18,4.5,27,96
1780,19,4.0,26,96
1781,20,6.0,25,96
1782,21,5.0,24,96
1783,22,5.0,23,96
1784,23,4.0,22,96
1785,24,3.5,21,96
1786,25,3.0,20,96
1787,26,2.5,19,96
1788,27,2.0,18,96
1789,28,1.5,17,96
1790,29,1.5,16,96
1791,30,1.5,15,96
1792,31,0.5,14,96
1793,32,0.5,13,96
1794,33,0.0,12,96
1795,34,-0.5,11,96
1796,35,-0.5,10,96
1797,36,-1.0,9,96
1798,37,-1.0,8,96
1799,38,-2.0,7,96
1800,39,-2.0,6,96
1801,40,-2.5,5,96
1802,41,-3.5,4,96
1803,42,-1.5,3,96
1804,43,-1.5,2,96
1805,44,-1.5,1,96
1806,45,0.5,0,96
1807,0,-0.5,35,97
1808,1,-1.0,34,97
1809,2,-1.5,33,97
1810,3,-1.5,32,97
1811,4,-1.5,31,97
1812,5,0.5,30,97
1813,6,2.5,29,97
1814,7,1.5,28,97
1815,8,3.5,27,97
1816,9,3.5,26,97
1817,10,2.5,25,97
1818,11,2.5,24,97
1819,12,4.5,23,97
1820,13,4.0,22,97
1821,14,3.5,21,97
1822,15,2.5,20,97
1823,16,2.5,19,97
1824,17,4.5,18,97
1825,18,6.5,17,97
1826,19,5.5,16,97
1827,20,5.0,15,97
1828,21,5.0,14,97
1829,22,17.0,13,97
1830,0,2.0,25,98
1831,1,4.0,24,98
1832,2,4.0,23,98
1833,3,6.0,22,98
1834,4,8.0,21,98
1835,5,10.0,20,98
1836,6,9.5,19,98
1837,7,11.5,18,98
1838,8,13.5,17,98
1839,9,15.5,16,98
1840,10,17.5,15,98
1841,11,29.5,14,98
1842,0,2.0,25,99
1843,1,4.0,24,99
1844,2,6.0,23,99
1845,3,5.5,22,99
1846,4,7.5,21,99
1847,5,9.5,20,99
1848,6,11.5,19,99
1849,7,10.5,18,99
1850,8,10.0,17,99
1851,9,9.5,16,99
1852,10,11.5,15,99
1853,11,13.5,14,99
1854,12,13.0,13,99
1855,13,15.0,12,99
1856,14,17.0,11,99
1857,15,29.0,10,99
1858,0,-0.5,25,100
1859,1,1.5,24,100
1860,2,3.5,23,100
1861,3,3.0,22,100
1862,4,2.5,21,100
1863,5,4.5,20,100
1864,6,6.5,19,100
1865,7,8.5,18,100
1866,8,10.5,17,100
1867,9,12.5,16,100
1868,10,12.0,15,100
1869,11,14.0,14,100
1870,12,16.0,13,100
1871,13,18.0,12,100
1872,14,30.0,11,100
